{"data": [{"Properties": {"name": "CODER-DC01-CA@CODER.HTB", "highvalue": false, "CA Name": "coder-DC01-CA", "DNS Name": "dc01.coder.htb", "Certificate Subject": "CN=coder-DC01-CA, DC=coder, DC=htb", "Certificate Serial Number": "2180F0D10CFECB9840260D0730724BDF", "Certificate Validity Start": "2022-06-29 03:51:44+00:00", "Certificate Validity End": "2052-06-29 04:01:44+00:00", "Web Enrollment": "Disabled", "User Specified SAN": "Disabled", "Request Disposition": "Issue", "Enforce Encryption for Requests": "Enabled", "domain": "CODER.HTB"}, "ObjectIdentifier": "6155cecc-e2bc-43d1-a046-118c4591a132", "Aces": [{"PrincipalSID": "CODER.HTB-S-1-5-32-544", "PrincipalType": "Group", "RightName": "Owns", "IsInherited": false}, {"PrincipalSID": "CODER.HTB-S-1-5-32-544", "PrincipalType": "Group", "RightName": "ManageCa", "IsInherited": false}, {"PrincipalSID": "CODER.HTB-S-1-5-32-544", "PrincipalType": "Group", "RightName": "ManageCertificates", "IsInherited": false}, {"PrincipalSID": "S-1-5-21-2608251805-3526430372-1546376444-512", "PrincipalType": "Group", "RightName": "ManageCa", "IsInherited": false}, {"PrincipalSID": "S-1-5-21-2608251805-3526430372-1546376444-512", "PrincipalType": "Group", "RightName": "ManageCertificates", "IsInherited": false}, {"PrincipalSID": "S-1-5-21-2608251805-3526430372-1546376444-519", "PrincipalType": "Group", "RightName": "ManageCa", "IsInherited": false}, {"PrincipalSID": "S-1-5-21-2608251805-3526430372-1546376444-519", "PrincipalType": "Group", "RightName": "ManageCertificates", "IsInherited": false}, {"PrincipalSID": "CODER.HTB-S-1-5-11", "PrincipalType": "Group", "RightName": "Enroll", "IsInherited": false}]}], "meta": {"count": 1, "type": "cas", "version": 4}}