{"data": [{"Properties": {"name": "CODER-WEBSERVER@CODER.HTB", "highvalue": false, "Template Name": "Coder-WebServer", "Display Name": "Coder-WebServer", "Certificate Authorities": ["coder-DC01-CA"], "Enabled": true, "Client Authentication": false, "Enrollment Agent": false, "Any Purpose": false, "Enrollee Supplies Subject": true, "Certificate Name Flag": ["EnrolleeSuppliesSubject"], "Extended Key Usage": ["Server Authentication"], "Requires Manager Approval": false, "Requires Key Archival": false, "Authorized Signatures Required": 0, "Validity Period": "10 years", "Renewal Period": "6 weeks", "Minimum RSA Key Length": 2048, "domain": "CODER.HTB"}, "ObjectIdentifier": "9adbda26-bd0f-41d3-9bd6-14622b9a24d8", "Aces": [{"PrincipalSID": "S-1-5-21-2608251805-3526430372-1546376444-500", "PrincipalType": "User", "RightName": "Owns", "IsInherited": false}, {"PrincipalSID": "S-1-5-21-2608251805-3526430372-1546376444-512", "PrincipalType": "Group", "RightName": "WriteOwner", "IsInherited": false}, {"PrincipalSID": "S-1-5-21-2608251805-3526430372-1546376444-512", "PrincipalType": "Group", "RightName": "WriteDacl", "IsInherited": false}, {"PrincipalSID": "S-1-5-21-2608251805-3526430372-1546376444-512", "PrincipalType": "Group", "RightName": "WriteProperty", "IsInherited": false}, {"PrincipalSID": "S-1-5-21-2608251805-3526430372-1546376444-512", "PrincipalType": "Group", "RightName": "Enroll", "IsInherited": false}, {"PrincipalSID": "S-1-5-21-2608251805-3526430372-1546376444-519", "PrincipalType": "Group", "RightName": "WriteOwner", "IsInherited": false}, {"PrincipalSID": "S-1-5-21-2608251805-3526430372-1546376444-519", "PrincipalType": "Group", "RightName": "WriteDacl", "IsInherited": false}, {"PrincipalSID": "S-1-5-21-2608251805-3526430372-1546376444-519", "PrincipalType": "Group", "RightName": "WriteProperty", "IsInherited": false}, {"PrincipalSID": "S-1-5-21-2608251805-3526430372-1546376444-519", "PrincipalType": "Group", "RightName": "Enroll", "IsInherited": false}, {"PrincipalSID": "S-1-5-21-2608251805-3526430372-1546376444-500", "PrincipalType": "User", "RightName": "WriteOwner", "IsInherited": false}, {"PrincipalSID": "S-1-5-21-2608251805-3526430372-1546376444-500", "PrincipalType": "User", "RightName": "WriteDacl", "IsInherited": false}, {"PrincipalSID": "S-1-5-21-2608251805-3526430372-1546376444-500", "PrincipalType": "User", "RightName": "WriteProperty", "IsInherited": false}], "cas_ids": ["6155cecc-e2bc-43d1-a046-118c4591a132"]}, {"Properties": {"name": "KERBEROSAUTHENTICATION@CODER.HTB", "highvalue": false, "Template Name": "KerberosAuthentication", "Display Name": "Kerberos Authentication", "Certificate Authorities": ["coder-DC01-CA"], "Enabled": true, "Client Authentication": true, "Enrollment Agent": false, "Any Purpose": false, "Enrollee Supplies Subject": false, "Certificate Name Flag": ["SubjectAltRequireDomainDns", "SubjectAltRequireDns"], "Enrollment Flag": ["AutoEnrollment"], "Extended Key Usage": ["Client Authentication", "Server Authentication", "Smart Card Logon", "KDC Authentication"], "Requires Manager Approval": false, "Requires Key Archival": false, "Authorized Signatures Required": 0, "Validity Period": "1 year", "Renewal Period": "6 weeks", "Minimum RSA Key Length": 2048, "domain": "CODER.HTB"}, "ObjectIdentifier": "5af6e879-e218-4ffa-80bf-7762b2c5d340", "Aces": [{"PrincipalSID": "S-1-5-21-2608251805-3526430372-1546376444-519", "PrincipalType": "Group", "RightName": "Owns", "IsInherited": false}, {"PrincipalSID": "S-1-5-21-2608251805-3526430372-1546376444-498", "PrincipalType": "Group", "RightName": "Enroll", "IsInherited": false}, {"PrincipalSID": "S-1-5-21-2608251805-3526430372-1546376444-498", "PrincipalType": "Group", "RightName": "AutoEnroll", "IsInherited": false}, {"PrincipalSID": "S-1-5-21-2608251805-3526430372-1546376444-512", "PrincipalType": "Group", "RightName": "WriteOwner", "IsInherited": false}, {"PrincipalSID": "S-1-5-21-2608251805-3526430372-1546376444-512", "PrincipalType": "Group", "RightName": "WriteDacl", "IsInherited": false}, {"PrincipalSID": "S-1-5-21-2608251805-3526430372-1546376444-512", "PrincipalType": "Group", "RightName": "WriteProperty", "IsInherited": false}, {"PrincipalSID": "S-1-5-21-2608251805-3526430372-1546376444-512", "PrincipalType": "Group", "RightName": "Enroll", "IsInherited": false}, {"PrincipalSID": "S-1-5-21-2608251805-3526430372-1546376444-516", "PrincipalType": "Group", "RightName": "Enroll", "IsInherited": false}, {"PrincipalSID": "S-1-5-21-2608251805-3526430372-1546376444-516", "PrincipalType": "Group", "RightName": "AutoEnroll", "IsInherited": false}, {"PrincipalSID": "S-1-5-21-2608251805-3526430372-1546376444-519", "PrincipalType": "Group", "RightName": "WriteOwner", "IsInherited": false}, {"PrincipalSID": "S-1-5-21-2608251805-3526430372-1546376444-519", "PrincipalType": "Group", "RightName": "WriteDacl", "IsInherited": false}, {"PrincipalSID": "S-1-5-21-2608251805-3526430372-1546376444-519", "PrincipalType": "Group", "RightName": "WriteProperty", "IsInherited": false}, {"PrincipalSID": "S-1-5-21-2608251805-3526430372-1546376444-519", "PrincipalType": "Group", "RightName": "Enroll", "IsInherited": false}, {"PrincipalSID": "CODER.HTB-S-1-5-9", "PrincipalType": "Group", "RightName": "Enroll", "IsInherited": false}, {"PrincipalSID": "CODER.HTB-S-1-5-9", "PrincipalType": "Group", "RightName": "AutoEnroll", "IsInherited": false}], "cas_ids": ["6155cecc-e2bc-43d1-a046-118c4591a132"]}, {"Properties": {"name": "OCSPRESPONSESIGNING@CODER.HTB", "highvalue": false, "Template Name": "OCSPResponseSigning", "Display Name": "OCSP Response Signing", "Enabled": false, "Client Authentication": false, "Enrollment Agent": false, "Any Purpose": false, "Enrollee Supplies Subject": false, "Certificate Name Flag": ["SubjectAltRequireDns", "SubjectRequireDnsAsCn"], "Enrollment Flag": ["AddOcspNocheck", "Norevocationinfoinissuedcerts"], "Extended Key Usage": ["OCSP Signing"], "Requires Manager Approval": false, "Requires Key Archival": false, "Authorized Signatures Required": 0, "Validity Period": "2 weeks", "Renewal Period": "2 days", "Minimum RSA Key Length": 2048, "domain": "CODER.HTB"}, "ObjectIdentifier": "2c4a0c3d-11b7-49f8-ab60-0d4b99ee5169", "Aces": [{"PrincipalSID": "S-1-5-21-2608251805-3526430372-1546376444-519", "PrincipalType": "Group", "RightName": "Owns", "IsInherited": false}, {"PrincipalSID": "S-1-5-21-2608251805-3526430372-1546376444-512", "PrincipalType": "Group", "RightName": "WriteOwner", "IsInherited": false}, {"PrincipalSID": "S-1-5-21-2608251805-3526430372-1546376444-512", "PrincipalType": "Group", "RightName": "WriteDacl", "IsInherited": false}, {"PrincipalSID": "S-1-5-21-2608251805-3526430372-1546376444-512", "PrincipalType": "Group", "RightName": "WriteProperty", "IsInherited": false}, {"PrincipalSID": "S-1-5-21-2608251805-3526430372-1546376444-512", "PrincipalType": "Group", "RightName": "Enroll", "IsInherited": false}, {"PrincipalSID": "S-1-5-21-2608251805-3526430372-1546376444-519", "PrincipalType": "Group", "RightName": "WriteOwner", "IsInherited": false}, {"PrincipalSID": "S-1-5-21-2608251805-3526430372-1546376444-519", "PrincipalType": "Group", "RightName": "WriteDacl", "IsInherited": false}, {"PrincipalSID": "S-1-5-21-2608251805-3526430372-1546376444-519", "PrincipalType": "Group", "RightName": "WriteProperty", "IsInherited": false}, {"PrincipalSID": "S-1-5-21-2608251805-3526430372-1546376444-519", "PrincipalType": "Group", "RightName": "Enroll", "IsInherited": false}], "cas_ids": null}, {"Properties": {"name": "RASANDIASSERVER@CODER.HTB", "highvalue": false, "Template Name": "RASAndIASServer", "Display Name": "RAS and IAS Server", "Enabled": false, "Client Authentication": true, "Enrollment Agent": false, "Any Purpose": false, "Enrollee Supplies Subject": false, "Certificate Name Flag": ["SubjectAltRequireDns", "SubjectRequireCommonName"], "Enrollment Flag": ["AutoEnrollment"], "Extended Key Usage": ["Client Authentication", "Server Authentication"], "Requires Manager Approval": false, "Requires Key Archival": false, "Authorized Signatures Required": 0, "Validity Period": "1 year", "Renewal Period": "6 weeks", "Minimum RSA Key Length": 2048, "domain": "CODER.HTB"}, "ObjectIdentifier": "c7467f18-8300-4655-975c-192bb56d8191", "Aces": [{"PrincipalSID": "S-1-5-21-2608251805-3526430372-1546376444-519", "PrincipalType": "Group", "RightName": "Owns", "IsInherited": false}, {"PrincipalSID": "S-1-5-21-2608251805-3526430372-1546376444-512", "PrincipalType": "Group", "RightName": "WriteOwner", "IsInherited": false}, {"PrincipalSID": "S-1-5-21-2608251805-3526430372-1546376444-512", "PrincipalType": "Group", "RightName": "WriteDacl", "IsInherited": false}, {"PrincipalSID": "S-1-5-21-2608251805-3526430372-1546376444-512", "PrincipalType": "Group", "RightName": "WriteProperty", "IsInherited": false}, {"PrincipalSID": "S-1-5-21-2608251805-3526430372-1546376444-512", "PrincipalType": "Group", "RightName": "Enroll", "IsInherited": false}, {"PrincipalSID": "S-1-5-21-2608251805-3526430372-1546376444-519", "PrincipalType": "Group", "RightName": "WriteOwner", "IsInherited": false}, {"PrincipalSID": "S-1-5-21-2608251805-3526430372-1546376444-519", "PrincipalType": "Group", "RightName": "WriteDacl", "IsInherited": false}, {"PrincipalSID": "S-1-5-21-2608251805-3526430372-1546376444-519", "PrincipalType": "Group", "RightName": "WriteProperty", "IsInherited": false}, {"PrincipalSID": "S-1-5-21-2608251805-3526430372-1546376444-519", "PrincipalType": "Group", "RightName": "Enroll", "IsInherited": false}, {"PrincipalSID": "S-1-5-21-2608251805-3526430372-1546376444-553", "PrincipalType": "Group", "RightName": "Enroll", "IsInherited": false}], "cas_ids": null}, {"Properties": {"name": "WORKSTATION@CODER.HTB", "highvalue": false, "Template Name": "Workstation", "Display Name": "Workstation Authentication", "Enabled": false, "Client Authentication": true, "Enrollment Agent": false, "Any Purpose": false, "Enrollee Supplies Subject": false, "Certificate Name Flag": ["SubjectAltRequireDns"], "Enrollment Flag": ["AutoEnrollment"], "Extended Key Usage": ["Client Authentication"], "Requires Manager Approval": false, "Requires Key Archival": false, "Authorized Signatures Required": 0, "Validity Period": "1 year", "Renewal Period": "6 weeks", "Minimum RSA Key Length": 2048, "domain": "CODER.HTB"}, "ObjectIdentifier": "4ab831dd-0c54-4478-af3a-97cbc2913c30", "Aces": [{"PrincipalSID": "S-1-5-21-2608251805-3526430372-1546376444-519", "PrincipalType": "Group", "RightName": "Owns", "IsInherited": false}, {"PrincipalSID": "S-1-5-21-2608251805-3526430372-1546376444-512", "PrincipalType": "Group", "RightName": "WriteOwner", "IsInherited": false}, {"PrincipalSID": "S-1-5-21-2608251805-3526430372-1546376444-512", "PrincipalType": "Group", "RightName": "WriteDacl", "IsInherited": false}, {"PrincipalSID": "S-1-5-21-2608251805-3526430372-1546376444-512", "PrincipalType": "Group", "RightName": "WriteProperty", "IsInherited": false}, {"PrincipalSID": "S-1-5-21-2608251805-3526430372-1546376444-512", "PrincipalType": "Group", "RightName": "Enroll", "IsInherited": false}, {"PrincipalSID": "S-1-5-21-2608251805-3526430372-1546376444-515", "PrincipalType": "Group", "RightName": "Enroll", "IsInherited": false}, {"PrincipalSID": "S-1-5-21-2608251805-3526430372-1546376444-519", "PrincipalType": "Group", "RightName": "WriteOwner", "IsInherited": false}, {"PrincipalSID": "S-1-5-21-2608251805-3526430372-1546376444-519", "PrincipalType": "Group", "RightName": "WriteDacl", "IsInherited": false}, {"PrincipalSID": "S-1-5-21-2608251805-3526430372-1546376444-519", "PrincipalType": "Group", "RightName": "WriteProperty", "IsInherited": false}, {"PrincipalSID": "S-1-5-21-2608251805-3526430372-1546376444-519", "PrincipalType": "Group", "RightName": "Enroll", "IsInherited": false}], "cas_ids": null}, {"Properties": {"name": "DIRECTORYEMAILREPLICATION@CODER.HTB", "highvalue": false, "Template Name": "DirectoryEmailReplication", "Display Name": "Directory Email Replication", "Certificate Authorities": ["coder-DC01-CA"], "Enabled": true, "Client Authentication": false, "Enrollment Agent": false, "Any Purpose": false, "Enrollee Supplies Subject": false, "Certificate Name Flag": ["SubjectAltRequireDirectoryGuid", "SubjectAltRequireDns"], "Enrollment Flag": ["IncludeSymmetricAlgorithms", "PublishToDs", "AutoEnrollment"], "Extended Key Usage": ["Directory Service Email Replication"], "Requires Manager Approval": false, "Requires Key Archival": false, "Authorized Signatures Required": 0, "Validity Period": "1 year", "Renewal Period": "6 weeks", "Minimum RSA Key Length": 2048, "domain": "CODER.HTB"}, "ObjectIdentifier": "f7f77af2-1ff0-4247-947a-152ddf41dfbc", "Aces": [{"PrincipalSID": "S-1-5-21-2608251805-3526430372-1546376444-519", "PrincipalType": "Group", "RightName": "Owns", "IsInherited": false}, {"PrincipalSID": "S-1-5-21-2608251805-3526430372-1546376444-498", "PrincipalType": "Group", "RightName": "Enroll", "IsInherited": false}, {"PrincipalSID": "S-1-5-21-2608251805-3526430372-1546376444-498", "PrincipalType": "Group", "RightName": "AutoEnroll", "IsInherited": false}, {"PrincipalSID": "S-1-5-21-2608251805-3526430372-1546376444-512", "PrincipalType": "Group", "RightName": "WriteOwner", "IsInherited": false}, {"PrincipalSID": "S-1-5-21-2608251805-3526430372-1546376444-512", "PrincipalType": "Group", "RightName": "WriteDacl", "IsInherited": false}, {"PrincipalSID": "S-1-5-21-2608251805-3526430372-1546376444-512", "PrincipalType": "Group", "RightName": "WriteProperty", "IsInherited": false}, {"PrincipalSID": "S-1-5-21-2608251805-3526430372-1546376444-512", "PrincipalType": "Group", "RightName": "Enroll", "IsInherited": false}, {"PrincipalSID": "S-1-5-21-2608251805-3526430372-1546376444-516", "PrincipalType": "Group", "RightName": "Enroll", "IsInherited": false}, {"PrincipalSID": "S-1-5-21-2608251805-3526430372-1546376444-516", "PrincipalType": "Group", "RightName": "AutoEnroll", "IsInherited": false}, {"PrincipalSID": "S-1-5-21-2608251805-3526430372-1546376444-519", "PrincipalType": "Group", "RightName": "WriteOwner", "IsInherited": false}, {"PrincipalSID": "S-1-5-21-2608251805-3526430372-1546376444-519", "PrincipalType": "Group", "RightName": "WriteDacl", "IsInherited": false}, {"PrincipalSID": "S-1-5-21-2608251805-3526430372-1546376444-519", "PrincipalType": "Group", "RightName": "WriteProperty", "IsInherited": false}, {"PrincipalSID": "S-1-5-21-2608251805-3526430372-1546376444-519", "PrincipalType": "Group", "RightName": "Enroll", "IsInherited": false}, {"PrincipalSID": "CODER.HTB-S-1-5-9", "PrincipalType": "Group", "RightName": "Enroll", "IsInherited": false}, {"PrincipalSID": "CODER.HTB-S-1-5-9", "PrincipalType": "Group", "RightName": "AutoEnroll", "IsInherited": false}], "cas_ids": ["6155cecc-e2bc-43d1-a046-118c4591a132"]}, {"Properties": {"name": "DOMAINCONTROLLERAUTHENTICATION@CODER.HTB", "highvalue": false, "Template Name": "DomainControllerAuthentication", "Display Name": "Domain Controller Authentication", "Certificate Authorities": ["coder-DC01-CA"], "Enabled": true, "Client Authentication": true, "Enrollment Agent": false, "Any Purpose": false, "Enrollee Supplies Subject": false, "Certificate Name Flag": ["SubjectAltRequireDns"], "Enrollment Flag": ["AutoEnrollment"], "Extended Key Usage": ["Client Authentication", "Server Authentication", "Smart Card Logon"], "Requires Manager Approval": false, "Requires Key Archival": false, "Authorized Signatures Required": 0, "Validity Period": "1 year", "Renewal Period": "6 weeks", "Minimum RSA Key Length": 2048, "domain": "CODER.HTB"}, "ObjectIdentifier": "7b9e93b9-8307-4581-ab72-31a2ac05981e", "Aces": [{"PrincipalSID": "S-1-5-21-2608251805-3526430372-1546376444-519", "PrincipalType": "Group", "RightName": "Owns", "IsInherited": false}, {"PrincipalSID": "S-1-5-21-2608251805-3526430372-1546376444-498", "PrincipalType": "Group", "RightName": "Enroll", "IsInherited": false}, {"PrincipalSID": "S-1-5-21-2608251805-3526430372-1546376444-498", "PrincipalType": "Group", "RightName": "AutoEnroll", "IsInherited": false}, {"PrincipalSID": "S-1-5-21-2608251805-3526430372-1546376444-512", "PrincipalType": "Group", "RightName": "WriteOwner", "IsInherited": false}, {"PrincipalSID": "S-1-5-21-2608251805-3526430372-1546376444-512", "PrincipalType": "Group", "RightName": "WriteDacl", "IsInherited": false}, {"PrincipalSID": "S-1-5-21-2608251805-3526430372-1546376444-512", "PrincipalType": "Group", "RightName": "WriteProperty", "IsInherited": false}, {"PrincipalSID": "S-1-5-21-2608251805-3526430372-1546376444-512", "PrincipalType": "Group", "RightName": "Enroll", "IsInherited": false}, {"PrincipalSID": "S-1-5-21-2608251805-3526430372-1546376444-516", "PrincipalType": "Group", "RightName": "Enroll", "IsInherited": false}, {"PrincipalSID": "S-1-5-21-2608251805-3526430372-1546376444-516", "PrincipalType": "Group", "RightName": "AutoEnroll", "IsInherited": false}, {"PrincipalSID": "S-1-5-21-2608251805-3526430372-1546376444-519", "PrincipalType": "Group", "RightName": "WriteOwner", "IsInherited": false}, {"PrincipalSID": "S-1-5-21-2608251805-3526430372-1546376444-519", "PrincipalType": "Group", "RightName": "WriteDacl", "IsInherited": false}, {"PrincipalSID": "S-1-5-21-2608251805-3526430372-1546376444-519", "PrincipalType": "Group", "RightName": "WriteProperty", "IsInherited": false}, {"PrincipalSID": "S-1-5-21-2608251805-3526430372-1546376444-519", "PrincipalType": "Group", "RightName": "Enroll", "IsInherited": false}, {"PrincipalSID": "CODER.HTB-S-1-5-9", "PrincipalType": "Group", "RightName": "Enroll", "IsInherited": false}, {"PrincipalSID": "CODER.HTB-S-1-5-9", "PrincipalType": "Group", "RightName": "AutoEnroll", "IsInherited": false}], "cas_ids": ["6155cecc-e2bc-43d1-a046-118c4591a132"]}, {"Properties": {"name": "KEYRECOVERYAGENT@CODER.HTB", "highvalue": false, "Template Name": "KeyRecoveryAgent", "Display Name": "Key Recovery Agent", "Enabled": false, "Client Authentication": false, "Enrollment Agent": false, "Any Purpose": false, "Enrollee Supplies Subject": false, "Certificate Name Flag": ["SubjectAltRequireUpn", "SubjectRequireDirectoryPath"], "Enrollment Flag": ["IncludeSymmetricAlgorithms", "PendAllRequests", "PublishToKraContainer", "AutoEnrollment"], "Private Key Flag": ["ExportableKey"], "Extended Key Usage": ["Key Recovery Agent"], "Requires Manager Approval": true, "Requires Key Archival": false, "Authorized Signatures Required": 0, "Validity Period": "2 years", "Renewal Period": "6 weeks", "Minimum RSA Key Length": 2048, "domain": "CODER.HTB"}, "ObjectIdentifier": "729aabb0-d2e2-432b-a9db-9fc751adf170", "Aces": [{"PrincipalSID": "S-1-5-21-2608251805-3526430372-1546376444-519", "PrincipalType": "Group", "RightName": "Owns", "IsInherited": false}, {"PrincipalSID": "S-1-5-21-2608251805-3526430372-1546376444-512", "PrincipalType": "Group", "RightName": "WriteOwner", "IsInherited": false}, {"PrincipalSID": "S-1-5-21-2608251805-3526430372-1546376444-512", "PrincipalType": "Group", "RightName": "WriteDacl", "IsInherited": false}, {"PrincipalSID": "S-1-5-21-2608251805-3526430372-1546376444-512", "PrincipalType": "Group", "RightName": "WriteProperty", "IsInherited": false}, {"PrincipalSID": "S-1-5-21-2608251805-3526430372-1546376444-512", "PrincipalType": "Group", "RightName": "Enroll", "IsInherited": false}, {"PrincipalSID": "S-1-5-21-2608251805-3526430372-1546376444-519", "PrincipalType": "Group", "RightName": "WriteOwner", "IsInherited": false}, {"PrincipalSID": "S-1-5-21-2608251805-3526430372-1546376444-519", "PrincipalType": "Group", "RightName": "WriteDacl", "IsInherited": false}, {"PrincipalSID": "S-1-5-21-2608251805-3526430372-1546376444-519", "PrincipalType": "Group", "RightName": "WriteProperty", "IsInherited": false}, {"PrincipalSID": "S-1-5-21-2608251805-3526430372-1546376444-519", "PrincipalType": "Group", "RightName": "Enroll", "IsInherited": false}], "cas_ids": null}, {"Properties": {"name": "CAEXCHANGE@CODER.HTB", "highvalue": false, "Template Name": "CAExchange", "Display Name": "CA Exchange", "Enabled": false, "Client Authentication": false, "Enrollment Agent": false, "Any Purpose": false, "Enrollee Supplies Subject": true, "Certificate Name Flag": ["EnrolleeSuppliesSubject"], "Enrollment Flag": ["IncludeSymmetricAlgorithms"], "Extended Key Usage": ["Private Key Archival"], "Requires Manager Approval": false, "Requires Key Archival": false, "Authorized Signatures Required": 0, "Validity Period": "1 week", "Renewal Period": "1 day", "Minimum RSA Key Length": 2048, "domain": "CODER.HTB"}, "ObjectIdentifier": "e68c34c2-34ad-4751-8a51-32703bedb3b1", "Aces": [{"PrincipalSID": "S-1-5-21-2608251805-3526430372-1546376444-519", "PrincipalType": "Group", "RightName": "Owns", "IsInherited": false}, {"PrincipalSID": "S-1-5-21-2608251805-3526430372-1546376444-512", "PrincipalType": "Group", "RightName": "WriteOwner", "IsInherited": false}, {"PrincipalSID": "S-1-5-21-2608251805-3526430372-1546376444-512", "PrincipalType": "Group", "RightName": "WriteDacl", "IsInherited": false}, {"PrincipalSID": "S-1-5-21-2608251805-3526430372-1546376444-512", "PrincipalType": "Group", "RightName": "WriteProperty", "IsInherited": false}, {"PrincipalSID": "S-1-5-21-2608251805-3526430372-1546376444-512", "PrincipalType": "Group", "RightName": "Enroll", "IsInherited": false}, {"PrincipalSID": "S-1-5-21-2608251805-3526430372-1546376444-519", "PrincipalType": "Group", "RightName": "WriteOwner", "IsInherited": false}, {"PrincipalSID": "S-1-5-21-2608251805-3526430372-1546376444-519", "PrincipalType": "Group", "RightName": "WriteDacl", "IsInherited": false}, {"PrincipalSID": "S-1-5-21-2608251805-3526430372-1546376444-519", "PrincipalType": "Group", "RightName": "WriteProperty", "IsInherited": false}, {"PrincipalSID": "S-1-5-21-2608251805-3526430372-1546376444-519", "PrincipalType": "Group", "RightName": "Enroll", "IsInherited": false}], "cas_ids": null}, {"Properties": {"name": "CROSSCA@CODER.HTB", "highvalue": false, "Template Name": "CrossCA", "Display Name": "Cross Certification Authority", "Enabled": false, "Client Authentication": true, "Enrollment Agent": true, "Any Purpose": true, "Enrollee Supplies Subject": true, "Certificate Name Flag": ["EnrolleeSuppliesSubject"], "Enrollment Flag": ["PublishToDs"], "Private Key Flag": ["ExportableKey"], "Requires Manager Approval": false, "Requires Key Archival": false, "Authorized Signatures Required": 1, "Validity Period": "5 years", "Renewal Period": "6 weeks", "Minimum RSA Key Length": 2048, "domain": "CODER.HTB"}, "ObjectIdentifier": "6e1c66db-5344-4106-a0a4-909d5b2c6e16", "Aces": [{"PrincipalSID": "S-1-5-21-2608251805-3526430372-1546376444-519", "PrincipalType": "Group", "RightName": "Owns", "IsInherited": false}, {"PrincipalSID": "S-1-5-21-2608251805-3526430372-1546376444-512", "PrincipalType": "Group", "RightName": "WriteOwner", "IsInherited": false}, {"PrincipalSID": "S-1-5-21-2608251805-3526430372-1546376444-512", "PrincipalType": "Group", "RightName": "WriteDacl", "IsInherited": false}, {"PrincipalSID": "S-1-5-21-2608251805-3526430372-1546376444-512", "PrincipalType": "Group", "RightName": "WriteProperty", "IsInherited": false}, {"PrincipalSID": "S-1-5-21-2608251805-3526430372-1546376444-512", "PrincipalType": "Group", "RightName": "Enroll", "IsInherited": false}, {"PrincipalSID": "S-1-5-21-2608251805-3526430372-1546376444-519", "PrincipalType": "Group", "RightName": "WriteOwner", "IsInherited": false}, {"PrincipalSID": "S-1-5-21-2608251805-3526430372-1546376444-519", "PrincipalType": "Group", "RightName": "WriteDacl", "IsInherited": false}, {"PrincipalSID": "S-1-5-21-2608251805-3526430372-1546376444-519", "PrincipalType": "Group", "RightName": "WriteProperty", "IsInherited": false}, {"PrincipalSID": "S-1-5-21-2608251805-3526430372-1546376444-519", "PrincipalType": "Group", "RightName": "Enroll", "IsInherited": false}], "cas_ids": null}, {"Properties": {"name": "EXCHANGEUSERSIGNATURE@CODER.HTB", "highvalue": false, "Template Name": "ExchangeUserSignature", "Display Name": "Exchange Signature Only", "Enabled": false, "Client Authentication": false, "Enrollment Agent": false, "Any Purpose": false, "Enrollee Supplies Subject": true, "Certificate Name Flag": ["EnrolleeSuppliesSubject"], "Extended Key Usage": ["Secure Email"], "Requires Manager Approval": false, "Requires Key Archival": false, "Authorized Signatures Required": 0, "Validity Period": "1 year", "Renewal Period": "6 weeks", "Minimum RSA Key Length": 2048, "domain": "CODER.HTB"}, "ObjectIdentifier": "ecae4b15-10e9-43a1-8787-5b577d1ccfb4", "Aces": [{"PrincipalSID": "S-1-5-21-2608251805-3526430372-1546376444-519", "PrincipalType": "Group", "RightName": "Owns", "IsInherited": false}, {"PrincipalSID": "S-1-5-21-2608251805-3526430372-1546376444-512", "PrincipalType": "Group", "RightName": "WriteOwner", "IsInherited": false}, {"PrincipalSID": "S-1-5-21-2608251805-3526430372-1546376444-512", "PrincipalType": "Group", "RightName": "WriteDacl", "IsInherited": false}, {"PrincipalSID": "S-1-5-21-2608251805-3526430372-1546376444-512", "PrincipalType": "Group", "RightName": "WriteProperty", "IsInherited": false}, {"PrincipalSID": "S-1-5-21-2608251805-3526430372-1546376444-512", "PrincipalType": "Group", "RightName": "Enroll", "IsInherited": false}, {"PrincipalSID": "S-1-5-21-2608251805-3526430372-1546376444-519", "PrincipalType": "Group", "RightName": "WriteOwner", "IsInherited": false}, {"PrincipalSID": "S-1-5-21-2608251805-3526430372-1546376444-519", "PrincipalType": "Group", "RightName": "WriteDacl", "IsInherited": false}, {"PrincipalSID": "S-1-5-21-2608251805-3526430372-1546376444-519", "PrincipalType": "Group", "RightName": "WriteProperty", "IsInherited": false}, {"PrincipalSID": "S-1-5-21-2608251805-3526430372-1546376444-519", "PrincipalType": "Group", "RightName": "Enroll", "IsInherited": false}], "cas_ids": null}, {"Properties": {"name": "EXCHANGEUSER@CODER.HTB", "highvalue": false, "Template Name": "ExchangeUser", "Display Name": "Exchange User", "Enabled": false, "Client Authentication": false, "Enrollment Agent": false, "Any Purpose": false, "Enrollee Supplies Subject": true, "Certificate Name Flag": ["EnrolleeSuppliesSubject"], "Enrollment Flag": ["IncludeSymmetricAlgorithms"], "Private Key Flag": ["ExportableKey"], "Extended Key Usage": ["Secure Email"], "Requires Manager Approval": false, "Requires Key Archival": false, "Authorized Signatures Required": 0, "Validity Period": "1 year", "Renewal Period": "6 weeks", "Minimum RSA Key Length": 2048, "domain": "CODER.HTB"}, "ObjectIdentifier": "e0f5f39b-57c7-49e3-8c91-2784703a5459", "Aces": [{"PrincipalSID": "S-1-5-21-2608251805-3526430372-1546376444-519", "PrincipalType": "Group", "RightName": "Owns", "IsInherited": false}, {"PrincipalSID": "S-1-5-21-2608251805-3526430372-1546376444-512", "PrincipalType": "Group", "RightName": "WriteOwner", "IsInherited": false}, {"PrincipalSID": "S-1-5-21-2608251805-3526430372-1546376444-512", "PrincipalType": "Group", "RightName": "WriteDacl", "IsInherited": false}, {"PrincipalSID": "S-1-5-21-2608251805-3526430372-1546376444-512", "PrincipalType": "Group", "RightName": "WriteProperty", "IsInherited": false}, {"PrincipalSID": "S-1-5-21-2608251805-3526430372-1546376444-512", "PrincipalType": "Group", "RightName": "Enroll", "IsInherited": false}, {"PrincipalSID": "S-1-5-21-2608251805-3526430372-1546376444-519", "PrincipalType": "Group", "RightName": "WriteOwner", "IsInherited": false}, {"PrincipalSID": "S-1-5-21-2608251805-3526430372-1546376444-519", "PrincipalType": "Group", "RightName": "WriteDacl", "IsInherited": false}, {"PrincipalSID": "S-1-5-21-2608251805-3526430372-1546376444-519", "PrincipalType": "Group", "RightName": "WriteProperty", "IsInherited": false}, {"PrincipalSID": "S-1-5-21-2608251805-3526430372-1546376444-519", "PrincipalType": "Group", "RightName": "Enroll", "IsInherited": false}], "cas_ids": null}, {"Properties": {"name": "CEPENCRYPTION@CODER.HTB", "highvalue": false, "Template Name": "CEPEncryption", "Display Name": "CEP Encryption", "Enabled": false, "Client Authentication": false, "Enrollment Agent": true, "Any Purpose": false, "Enrollee Supplies Subject": true, "Certificate Name Flag": ["EnrolleeSuppliesSubject"], "Extended Key Usage": ["Certificate Request Agent"], "Requires Manager Approval": false, "Requires Key Archival": false, "Authorized Signatures Required": 0, "Validity Period": "2 years", "Renewal Period": "6 weeks", "Minimum RSA Key Length": 2048, "domain": "CODER.HTB"}, "ObjectIdentifier": "82cdd1e3-9aa0-42df-b601-15a40eb7ad7f", "Aces": [{"PrincipalSID": "S-1-5-21-2608251805-3526430372-1546376444-519", "PrincipalType": "Group", "RightName": "Owns", "IsInherited": false}, {"PrincipalSID": "S-1-5-21-2608251805-3526430372-1546376444-512", "PrincipalType": "Group", "RightName": "WriteOwner", "IsInherited": false}, {"PrincipalSID": "S-1-5-21-2608251805-3526430372-1546376444-512", "PrincipalType": "Group", "RightName": "WriteDacl", "IsInherited": false}, {"PrincipalSID": "S-1-5-21-2608251805-3526430372-1546376444-512", "PrincipalType": "Group", "RightName": "WriteProperty", "IsInherited": false}, {"PrincipalSID": "S-1-5-21-2608251805-3526430372-1546376444-512", "PrincipalType": "Group", "RightName": "Enroll", "IsInherited": false}, {"PrincipalSID": "S-1-5-21-2608251805-3526430372-1546376444-519", "PrincipalType": "Group", "RightName": "WriteOwner", "IsInherited": false}, {"PrincipalSID": "S-1-5-21-2608251805-3526430372-1546376444-519", "PrincipalType": "Group", "RightName": "WriteDacl", "IsInherited": false}, {"PrincipalSID": "S-1-5-21-2608251805-3526430372-1546376444-519", "PrincipalType": "Group", "RightName": "WriteProperty", "IsInherited": false}, {"PrincipalSID": "S-1-5-21-2608251805-3526430372-1546376444-519", "PrincipalType": "Group", "RightName": "Enroll", "IsInherited": false}], "cas_ids": null}, {"Properties": {"name": "OFFLINEROUTER@CODER.HTB", "highvalue": false, "Template Name": "OfflineRouter", "Display Name": "Router (Offline request)", "Enabled": false, "Client Authentication": true, "Enrollment Agent": false, "Any Purpose": false, "Enrollee Supplies Subject": true, "Certificate Name Flag": ["EnrolleeSuppliesSubject"], "Extended Key Usage": ["Client Authentication"], "Requires Manager Approval": false, "Requires Key Archival": false, "Authorized Signatures Required": 0, "Validity Period": "2 years", "Renewal Period": "6 weeks", "Minimum RSA Key Length": 2048, "domain": "CODER.HTB"}, "ObjectIdentifier": "09a2d722-87a6-44af-86af-25f9f0987a53", "Aces": [{"PrincipalSID": "S-1-5-21-2608251805-3526430372-1546376444-519", "PrincipalType": "Group", "RightName": "Owns", "IsInherited": false}, {"PrincipalSID": "S-1-5-21-2608251805-3526430372-1546376444-512", "PrincipalType": "Group", "RightName": "WriteOwner", "IsInherited": false}, {"PrincipalSID": "S-1-5-21-2608251805-3526430372-1546376444-512", "PrincipalType": "Group", "RightName": "WriteDacl", "IsInherited": false}, {"PrincipalSID": "S-1-5-21-2608251805-3526430372-1546376444-512", "PrincipalType": "Group", "RightName": "WriteProperty", "IsInherited": false}, {"PrincipalSID": "S-1-5-21-2608251805-3526430372-1546376444-512", "PrincipalType": "Group", "RightName": "Enroll", "IsInherited": false}, {"PrincipalSID": "S-1-5-21-2608251805-3526430372-1546376444-519", "PrincipalType": "Group", "RightName": "WriteOwner", "IsInherited": false}, {"PrincipalSID": "S-1-5-21-2608251805-3526430372-1546376444-519", "PrincipalType": "Group", "RightName": "WriteDacl", "IsInherited": false}, {"PrincipalSID": "S-1-5-21-2608251805-3526430372-1546376444-519", "PrincipalType": "Group", "RightName": "WriteProperty", "IsInherited": false}, {"PrincipalSID": "S-1-5-21-2608251805-3526430372-1546376444-519", "PrincipalType": "Group", "RightName": "Enroll", "IsInherited": false}], "cas_ids": null}, {"Properties": {"name": "IPSECINTERMEDIATEOFFLINE@CODER.HTB", "highvalue": false, "Template Name": "IPSECIntermediateOffline", "Display Name": "IPSec (Offline request)", "Enabled": false, "Client Authentication": false, "Enrollment Agent": false, "Any Purpose": false, "Enrollee Supplies Subject": true, "Certificate Name Flag": ["EnrolleeSuppliesSubject"], "Extended Key Usage": ["IP security IKE intermediate"], "Requires Manager Approval": false, "Requires Key Archival": false, "Authorized Signatures Required": 0, "Validity Period": "2 years", "Renewal Period": "6 weeks", "Minimum RSA Key Length": 2048, "domain": "CODER.HTB"}, "ObjectIdentifier": "0737d860-63ea-4ddf-9a13-2433d42bb928", "Aces": [{"PrincipalSID": "S-1-5-21-2608251805-3526430372-1546376444-519", "PrincipalType": "Group", "RightName": "Owns", "IsInherited": false}, {"PrincipalSID": "S-1-5-21-2608251805-3526430372-1546376444-512", "PrincipalType": "Group", "RightName": "WriteOwner", "IsInherited": false}, {"PrincipalSID": "S-1-5-21-2608251805-3526430372-1546376444-512", "PrincipalType": "Group", "RightName": "WriteDacl", "IsInherited": false}, {"PrincipalSID": "S-1-5-21-2608251805-3526430372-1546376444-512", "PrincipalType": "Group", "RightName": "WriteProperty", "IsInherited": false}, {"PrincipalSID": "S-1-5-21-2608251805-3526430372-1546376444-512", "PrincipalType": "Group", "RightName": "Enroll", "IsInherited": false}, {"PrincipalSID": "S-1-5-21-2608251805-3526430372-1546376444-519", "PrincipalType": "Group", "RightName": "WriteOwner", "IsInherited": false}, {"PrincipalSID": "S-1-5-21-2608251805-3526430372-1546376444-519", "PrincipalType": "Group", "RightName": "WriteDacl", "IsInherited": false}, {"PrincipalSID": "S-1-5-21-2608251805-3526430372-1546376444-519", "PrincipalType": "Group", "RightName": "WriteProperty", "IsInherited": false}, {"PrincipalSID": "S-1-5-21-2608251805-3526430372-1546376444-519", "PrincipalType": "Group", "RightName": "Enroll", "IsInherited": false}], "cas_ids": null}, {"Properties": {"name": "IPSECINTERMEDIATEONLINE@CODER.HTB", "highvalue": false, "Template Name": "IPSECIntermediateOnline", "Display Name": "IPSec", "Enabled": false, "Client Authentication": false, "Enrollment Agent": false, "Any Purpose": false, "Enrollee Supplies Subject": false, "Certificate Name Flag": ["SubjectAltRequireDns", "SubjectRequireDnsAsCn"], "Enrollment Flag": ["AutoEnrollment"], "Extended Key Usage": ["IP security IKE intermediate"], "Requires Manager Approval": false, "Requires Key Archival": false, "Authorized Signatures Required": 0, "Validity Period": "2 years", "Renewal Period": "6 weeks", "Minimum RSA Key Length": 2048, "domain": "CODER.HTB"}, "ObjectIdentifier": "54657e18-47c1-47b6-80fb-84e99c46bb78", "Aces": [{"PrincipalSID": "S-1-5-21-2608251805-3526430372-1546376444-519", "PrincipalType": "Group", "RightName": "Owns", "IsInherited": false}, {"PrincipalSID": "S-1-5-21-2608251805-3526430372-1546376444-512", "PrincipalType": "Group", "RightName": "WriteOwner", "IsInherited": false}, {"PrincipalSID": "S-1-5-21-2608251805-3526430372-1546376444-512", "PrincipalType": "Group", "RightName": "WriteDacl", "IsInherited": false}, {"PrincipalSID": "S-1-5-21-2608251805-3526430372-1546376444-512", "PrincipalType": "Group", "RightName": "WriteProperty", "IsInherited": false}, {"PrincipalSID": "S-1-5-21-2608251805-3526430372-1546376444-512", "PrincipalType": "Group", "RightName": "Enroll", "IsInherited": false}, {"PrincipalSID": "S-1-5-21-2608251805-3526430372-1546376444-515", "PrincipalType": "Group", "RightName": "Enroll", "IsInherited": false}, {"PrincipalSID": "S-1-5-21-2608251805-3526430372-1546376444-516", "PrincipalType": "Group", "RightName": "Enroll", "IsInherited": false}, {"PrincipalSID": "S-1-5-21-2608251805-3526430372-1546376444-519", "PrincipalType": "Group", "RightName": "WriteOwner", "IsInherited": false}, {"PrincipalSID": "S-1-5-21-2608251805-3526430372-1546376444-519", "PrincipalType": "Group", "RightName": "WriteDacl", "IsInherited": false}, {"PrincipalSID": "S-1-5-21-2608251805-3526430372-1546376444-519", "PrincipalType": "Group", "RightName": "WriteProperty", "IsInherited": false}, {"PrincipalSID": "S-1-5-21-2608251805-3526430372-1546376444-519", "PrincipalType": "Group", "RightName": "Enroll", "IsInherited": false}], "cas_ids": null}, {"Properties": {"name": "SUBCA@CODER.HTB", "highvalue": true, "Template Name": "SubCA", "Display Name": "Subordinate Certification Authority", "Certificate Authorities": ["coder-DC01-CA"], "Enabled": true, "Client Authentication": true, "Enrollment Agent": true, "Any Purpose": true, "Enrollee Supplies Subject": true, "Certificate Name Flag": ["EnrolleeSuppliesSubject"], "Private Key Flag": ["ExportableKey"], "Requires Manager Approval": false, "Requires Key Archival": false, "Authorized Signatures Required": 0, "Validity Period": "5 years", "Renewal Period": "6 weeks", "Minimum RSA Key Length": 2048, "domain": "CODER.HTB"}, "ObjectIdentifier": "0835b13a-a6af-4ef3-95f2-9daf86c8a5f4", "Aces": [{"PrincipalSID": "S-1-5-21-2608251805-3526430372-1546376444-519", "PrincipalType": "Group", "RightName": "Owns", "IsInherited": false}, {"PrincipalSID": "S-1-5-21-2608251805-3526430372-1546376444-512", "PrincipalType": "Group", "RightName": "WriteOwner", "IsInherited": false}, {"PrincipalSID": "S-1-5-21-2608251805-3526430372-1546376444-512", "PrincipalType": "Group", "RightName": "WriteDacl", "IsInherited": false}, {"PrincipalSID": "S-1-5-21-2608251805-3526430372-1546376444-512", "PrincipalType": "Group", "RightName": "WriteProperty", "IsInherited": false}, {"PrincipalSID": "S-1-5-21-2608251805-3526430372-1546376444-512", "PrincipalType": "Group", "RightName": "Enroll", "IsInherited": false}, {"PrincipalSID": "S-1-5-21-2608251805-3526430372-1546376444-519", "PrincipalType": "Group", "RightName": "WriteOwner", "IsInherited": false}, {"PrincipalSID": "S-1-5-21-2608251805-3526430372-1546376444-519", "PrincipalType": "Group", "RightName": "WriteDacl", "IsInherited": false}, {"PrincipalSID": "S-1-5-21-2608251805-3526430372-1546376444-519", "PrincipalType": "Group", "RightName": "WriteProperty", "IsInherited": false}, {"PrincipalSID": "S-1-5-21-2608251805-3526430372-1546376444-519", "PrincipalType": "Group", "RightName": "Enroll", "IsInherited": false}], "cas_ids": ["6155cecc-e2bc-43d1-a046-118c4591a132"]}, {"Properties": {"name": "CA@CODER.HTB", "highvalue": false, "Template Name": "CA", "Display Name": "Root Certification Authority", "Enabled": false, "Client Authentication": true, "Enrollment Agent": true, "Any Purpose": true, "Enrollee Supplies Subject": true, "Certificate Name Flag": ["EnrolleeSuppliesSubject"], "Private Key Flag": ["ExportableKey"], "Requires Manager Approval": false, "Requires Key Archival": false, "Authorized Signatures Required": 0, "Validity Period": "5 years", "Renewal Period": "6 weeks", "Minimum RSA Key Length": 2048, "domain": "CODER.HTB"}, "ObjectIdentifier": "5dab8b22-f0b8-49bb-a10e-64d92cd0e7d7", "Aces": [{"PrincipalSID": "S-1-5-21-2608251805-3526430372-1546376444-519", "PrincipalType": "Group", "RightName": "Owns", "IsInherited": false}, {"PrincipalSID": "S-1-5-21-2608251805-3526430372-1546376444-512", "PrincipalType": "Group", "RightName": "WriteOwner", "IsInherited": false}, {"PrincipalSID": "S-1-5-21-2608251805-3526430372-1546376444-512", "PrincipalType": "Group", "RightName": "WriteDacl", "IsInherited": false}, {"PrincipalSID": "S-1-5-21-2608251805-3526430372-1546376444-512", "PrincipalType": "Group", "RightName": "WriteProperty", "IsInherited": false}, {"PrincipalSID": "S-1-5-21-2608251805-3526430372-1546376444-512", "PrincipalType": "Group", "RightName": "Enroll", "IsInherited": false}, {"PrincipalSID": "S-1-5-21-2608251805-3526430372-1546376444-519", "PrincipalType": "Group", "RightName": "WriteOwner", "IsInherited": false}, {"PrincipalSID": "S-1-5-21-2608251805-3526430372-1546376444-519", "PrincipalType": "Group", "RightName": "WriteDacl", "IsInherited": false}, {"PrincipalSID": "S-1-5-21-2608251805-3526430372-1546376444-519", "PrincipalType": "Group", "RightName": "WriteProperty", "IsInherited": false}, {"PrincipalSID": "S-1-5-21-2608251805-3526430372-1546376444-519", "PrincipalType": "Group", "RightName": "Enroll", "IsInherited": false}], "cas_ids": null}, {"Properties": {"name": "WEBSERVER@CODER.HTB", "highvalue": false, "Template Name": "WebServer", "Display Name": "Web Server", "Certificate Authorities": ["coder-DC01-CA"], "Enabled": true, "Client Authentication": false, "Enrollment Agent": false, "Any Purpose": false, "Enrollee Supplies Subject": true, "Certificate Name Flag": ["EnrolleeSuppliesSubject"], "Extended Key Usage": ["Server Authentication"], "Requires Manager Approval": false, "Requires Key Archival": false, "Authorized Signatures Required": 0, "Validity Period": "2 years", "Renewal Period": "6 weeks", "Minimum RSA Key Length": 2048, "domain": "CODER.HTB"}, "ObjectIdentifier": "4c05fb84-fbe1-4c82-a7c1-031248ec7bc5", "Aces": [{"PrincipalSID": "S-1-5-21-2608251805-3526430372-1546376444-519", "PrincipalType": "Group", "RightName": "Owns", "IsInherited": false}, {"PrincipalSID": "S-1-5-21-2608251805-3526430372-1546376444-512", "PrincipalType": "Group", "RightName": "WriteOwner", "IsInherited": false}, {"PrincipalSID": "S-1-5-21-2608251805-3526430372-1546376444-512", "PrincipalType": "Group", "RightName": "WriteDacl", "IsInherited": false}, {"PrincipalSID": "S-1-5-21-2608251805-3526430372-1546376444-512", "PrincipalType": "Group", "RightName": "WriteProperty", "IsInherited": false}, {"PrincipalSID": "S-1-5-21-2608251805-3526430372-1546376444-512", "PrincipalType": "Group", "RightName": "Enroll", "IsInherited": false}, {"PrincipalSID": "S-1-5-21-2608251805-3526430372-1546376444-519", "PrincipalType": "Group", "RightName": "WriteOwner", "IsInherited": false}, {"PrincipalSID": "S-1-5-21-2608251805-3526430372-1546376444-519", "PrincipalType": "Group", "RightName": "WriteDacl", "IsInherited": false}, {"PrincipalSID": "S-1-5-21-2608251805-3526430372-1546376444-519", "PrincipalType": "Group", "RightName": "WriteProperty", "IsInherited": false}, {"PrincipalSID": "S-1-5-21-2608251805-3526430372-1546376444-519", "PrincipalType": "Group", "RightName": "Enroll", "IsInherited": false}], "cas_ids": ["6155cecc-e2bc-43d1-a046-118c4591a132"]}, {"Properties": {"name": "DOMAINCONTROLLER@CODER.HTB", "highvalue": false, "Template Name": "DomainController", "Display Name": "Domain Controller", "Certificate Authorities": ["coder-DC01-CA"], "Enabled": true, "Client Authentication": true, "Enrollment Agent": false, "Any Purpose": false, "Enrollee Supplies Subject": false, "Certificate Name Flag": ["SubjectAltRequireDirectoryGuid", "SubjectAltRequireDns", "SubjectRequireDnsAsCn"], "Enrollment Flag": ["IncludeSymmetricAlgorithms", "PublishToDs", "AutoEnrollment"], "Extended Key Usage": ["Client Authentication", "Server Authentication"], "Requires Manager Approval": false, "Requires Key Archival": false, "Authorized Signatures Required": 0, "Validity Period": "1 year", "Renewal Period": "6 weeks", "Minimum RSA Key Length": 2048, "domain": "CODER.HTB"}, "ObjectIdentifier": "4cd9243d-2234-4376-81c6-d5062954b48c", "Aces": [{"PrincipalSID": "S-1-5-21-2608251805-3526430372-1546376444-519", "PrincipalType": "Group", "RightName": "Owns", "IsInherited": false}, {"PrincipalSID": "S-1-5-21-2608251805-3526430372-1546376444-498", "PrincipalType": "Group", "RightName": "Enroll", "IsInherited": false}, {"PrincipalSID": "S-1-5-21-2608251805-3526430372-1546376444-512", "PrincipalType": "Group", "RightName": "WriteOwner", "IsInherited": false}, {"PrincipalSID": "S-1-5-21-2608251805-3526430372-1546376444-512", "PrincipalType": "Group", "RightName": "WriteDacl", "IsInherited": false}, {"PrincipalSID": "S-1-5-21-2608251805-3526430372-1546376444-512", "PrincipalType": "Group", "RightName": "WriteProperty", "IsInherited": false}, {"PrincipalSID": "S-1-5-21-2608251805-3526430372-1546376444-512", "PrincipalType": "Group", "RightName": "Enroll", "IsInherited": false}, {"PrincipalSID": "S-1-5-21-2608251805-3526430372-1546376444-516", "PrincipalType": "Group", "RightName": "Enroll", "IsInherited": false}, {"PrincipalSID": "S-1-5-21-2608251805-3526430372-1546376444-519", "PrincipalType": "Group", "RightName": "WriteOwner", "IsInherited": false}, {"PrincipalSID": "S-1-5-21-2608251805-3526430372-1546376444-519", "PrincipalType": "Group", "RightName": "WriteDacl", "IsInherited": false}, {"PrincipalSID": "S-1-5-21-2608251805-3526430372-1546376444-519", "PrincipalType": "Group", "RightName": "WriteProperty", "IsInherited": false}, {"PrincipalSID": "S-1-5-21-2608251805-3526430372-1546376444-519", "PrincipalType": "Group", "RightName": "Enroll", "IsInherited": false}, {"PrincipalSID": "CODER.HTB-S-1-5-9", "PrincipalType": "Group", "RightName": "Enroll", "IsInherited": false}], "cas_ids": ["6155cecc-e2bc-43d1-a046-118c4591a132"]}, {"Properties": {"name": "MACHINE@CODER.HTB", "highvalue": false, "Template Name": "Machine", "Display Name": "Computer", "Certificate Authorities": ["coder-DC01-CA"], "Enabled": true, "Client Authentication": true, "Enrollment Agent": false, "Any Purpose": false, "Enrollee Supplies Subject": false, "Certificate Name Flag": ["SubjectAltRequireDns", "SubjectRequireDnsAsCn"], "Enrollment Flag": ["AutoEnrollment"], "Extended Key Usage": ["Client Authentication", "Server Authentication"], "Requires Manager Approval": false, "Requires Key Archival": false, "Authorized Signatures Required": 0, "Validity Period": "1 year", "Renewal Period": "6 weeks", "Minimum RSA Key Length": 2048, "domain": "CODER.HTB"}, "ObjectIdentifier": "e88cada4-c09d-4ecb-b517-f8981009d596", "Aces": [{"PrincipalSID": "S-1-5-21-2608251805-3526430372-1546376444-519", "PrincipalType": "Group", "RightName": "Owns", "IsInherited": false}, {"PrincipalSID": "S-1-5-21-2608251805-3526430372-1546376444-512", "PrincipalType": "Group", "RightName": "WriteOwner", "IsInherited": false}, {"PrincipalSID": "S-1-5-21-2608251805-3526430372-1546376444-512", "PrincipalType": "Group", "RightName": "WriteDacl", "IsInherited": false}, {"PrincipalSID": "S-1-5-21-2608251805-3526430372-1546376444-512", "PrincipalType": "Group", "RightName": "WriteProperty", "IsInherited": false}, {"PrincipalSID": "S-1-5-21-2608251805-3526430372-1546376444-512", "PrincipalType": "Group", "RightName": "Enroll", "IsInherited": false}, {"PrincipalSID": "S-1-5-21-2608251805-3526430372-1546376444-515", "PrincipalType": "Group", "RightName": "Enroll", "IsInherited": false}, {"PrincipalSID": "S-1-5-21-2608251805-3526430372-1546376444-519", "PrincipalType": "Group", "RightName": "WriteOwner", "IsInherited": false}, {"PrincipalSID": "S-1-5-21-2608251805-3526430372-1546376444-519", "PrincipalType": "Group", "RightName": "WriteDacl", "IsInherited": false}, {"PrincipalSID": "S-1-5-21-2608251805-3526430372-1546376444-519", "PrincipalType": "Group", "RightName": "WriteProperty", "IsInherited": false}, {"PrincipalSID": "S-1-5-21-2608251805-3526430372-1546376444-519", "PrincipalType": "Group", "RightName": "Enroll", "IsInherited": false}], "cas_ids": ["6155cecc-e2bc-43d1-a046-118c4591a132"]}, {"Properties": {"name": "MACHINEENROLLMENTAGENT@CODER.HTB", "highvalue": false, "Template Name": "MachineEnrollmentAgent", "Display Name": "Enrollment Agent (Computer)", "Enabled": false, "Client Authentication": false, "Enrollment Agent": true, "Any Purpose": false, "Enrollee Supplies Subject": false, "Certificate Name Flag": ["SubjectAltRequireDns", "SubjectRequireDnsAsCn"], "Enrollment Flag": ["AutoEnrollment"], "Extended Key Usage": ["Certificate Request Agent"], "Requires Manager Approval": false, "Requires Key Archival": false, "Authorized Signatures Required": 0, "Validity Period": "2 years", "Renewal Period": "6 weeks", "Minimum RSA Key Length": 2048, "domain": "CODER.HTB"}, "ObjectIdentifier": "89a2a152-671e-467c-8a29-07bbf9bef61b", "Aces": [{"PrincipalSID": "S-1-5-21-2608251805-3526430372-1546376444-519", "PrincipalType": "Group", "RightName": "Owns", "IsInherited": false}, {"PrincipalSID": "S-1-5-21-2608251805-3526430372-1546376444-512", "PrincipalType": "Group", "RightName": "WriteOwner", "IsInherited": false}, {"PrincipalSID": "S-1-5-21-2608251805-3526430372-1546376444-512", "PrincipalType": "Group", "RightName": "WriteDacl", "IsInherited": false}, {"PrincipalSID": "S-1-5-21-2608251805-3526430372-1546376444-512", "PrincipalType": "Group", "RightName": "WriteProperty", "IsInherited": false}, {"PrincipalSID": "S-1-5-21-2608251805-3526430372-1546376444-512", "PrincipalType": "Group", "RightName": "Enroll", "IsInherited": false}, {"PrincipalSID": "S-1-5-21-2608251805-3526430372-1546376444-519", "PrincipalType": "Group", "RightName": "WriteOwner", "IsInherited": false}, {"PrincipalSID": "S-1-5-21-2608251805-3526430372-1546376444-519", "PrincipalType": "Group", "RightName": "WriteDacl", "IsInherited": false}, {"PrincipalSID": "S-1-5-21-2608251805-3526430372-1546376444-519", "PrincipalType": "Group", "RightName": "WriteProperty", "IsInherited": false}, {"PrincipalSID": "S-1-5-21-2608251805-3526430372-1546376444-519", "PrincipalType": "Group", "RightName": "Enroll", "IsInherited": false}], "cas_ids": null}, {"Properties": {"name": "ENROLLMENTAGENTOFFLINE@CODER.HTB", "highvalue": false, "Template Name": "EnrollmentAgentOffline", "Display Name": "Exchange Enrollment Agent (Offline request)", "Enabled": false, "Client Authentication": false, "Enrollment Agent": true, "Any Purpose": false, "Enrollee Supplies Subject": true, "Certificate Name Flag": ["EnrolleeSuppliesSubject"], "Extended Key Usage": ["Certificate Request Agent"], "Requires Manager Approval": false, "Requires Key Archival": false, "Authorized Signatures Required": 0, "Validity Period": "2 years", "Renewal Period": "6 weeks", "Minimum RSA Key Length": 2048, "domain": "CODER.HTB"}, "ObjectIdentifier": "dfe1e7af-f1b5-47b3-8cca-6ee3016926c9", "Aces": [{"PrincipalSID": "S-1-5-21-2608251805-3526430372-1546376444-519", "PrincipalType": "Group", "RightName": "Owns", "IsInherited": false}, {"PrincipalSID": "S-1-5-21-2608251805-3526430372-1546376444-512", "PrincipalType": "Group", "RightName": "WriteOwner", "IsInherited": false}, {"PrincipalSID": "S-1-5-21-2608251805-3526430372-1546376444-512", "PrincipalType": "Group", "RightName": "WriteDacl", "IsInherited": false}, {"PrincipalSID": "S-1-5-21-2608251805-3526430372-1546376444-512", "PrincipalType": "Group", "RightName": "WriteProperty", "IsInherited": false}, {"PrincipalSID": "S-1-5-21-2608251805-3526430372-1546376444-512", "PrincipalType": "Group", "RightName": "Enroll", "IsInherited": false}, {"PrincipalSID": "S-1-5-21-2608251805-3526430372-1546376444-519", "PrincipalType": "Group", "RightName": "WriteOwner", "IsInherited": false}, {"PrincipalSID": "S-1-5-21-2608251805-3526430372-1546376444-519", "PrincipalType": "Group", "RightName": "WriteDacl", "IsInherited": false}, {"PrincipalSID": "S-1-5-21-2608251805-3526430372-1546376444-519", "PrincipalType": "Group", "RightName": "WriteProperty", "IsInherited": false}, {"PrincipalSID": "S-1-5-21-2608251805-3526430372-1546376444-519", "PrincipalType": "Group", "RightName": "Enroll", "IsInherited": false}], "cas_ids": null}, {"Properties": {"name": "ENROLLMENTAGENT@CODER.HTB", "highvalue": false, "Template Name": "EnrollmentAgent", "Display Name": "Enrollment Agent", "Enabled": false, "Client Authentication": false, "Enrollment Agent": true, "Any Purpose": false, "Enrollee Supplies Subject": false, "Certificate Name Flag": ["SubjectAltRequireUpn", "SubjectRequireDirectoryPath"], "Enrollment Flag": ["AutoEnrollment"], "Extended Key Usage": ["Certificate Request Agent"], "Requires Manager Approval": false, "Requires Key Archival": false, "Authorized Signatures Required": 0, "Validity Period": "2 years", "Renewal Period": "6 weeks", "Minimum RSA Key Length": 2048, "domain": "CODER.HTB"}, "ObjectIdentifier": "8cdbef07-690e-4242-8063-8f2ffb68cae8", "Aces": [{"PrincipalSID": "S-1-5-21-2608251805-3526430372-1546376444-519", "PrincipalType": "Group", "RightName": "Owns", "IsInherited": false}, {"PrincipalSID": "S-1-5-21-2608251805-3526430372-1546376444-512", "PrincipalType": "Group", "RightName": "WriteOwner", "IsInherited": false}, {"PrincipalSID": "S-1-5-21-2608251805-3526430372-1546376444-512", "PrincipalType": "Group", "RightName": "WriteDacl", "IsInherited": false}, {"PrincipalSID": "S-1-5-21-2608251805-3526430372-1546376444-512", "PrincipalType": "Group", "RightName": "WriteProperty", "IsInherited": false}, {"PrincipalSID": "S-1-5-21-2608251805-3526430372-1546376444-512", "PrincipalType": "Group", "RightName": "Enroll", "IsInherited": false}, {"PrincipalSID": "S-1-5-21-2608251805-3526430372-1546376444-519", "PrincipalType": "Group", "RightName": "WriteOwner", "IsInherited": false}, {"PrincipalSID": "S-1-5-21-2608251805-3526430372-1546376444-519", "PrincipalType": "Group", "RightName": "WriteDacl", "IsInherited": false}, {"PrincipalSID": "S-1-5-21-2608251805-3526430372-1546376444-519", "PrincipalType": "Group", "RightName": "WriteProperty", "IsInherited": false}, {"PrincipalSID": "S-1-5-21-2608251805-3526430372-1546376444-519", "PrincipalType": "Group", "RightName": "Enroll", "IsInherited": false}], "cas_ids": null}, {"Properties": {"name": "CTLSIGNING@CODER.HTB", "highvalue": false, "Template Name": "CTLSigning", "Display Name": "Trust List Signing", "Enabled": false, "Client Authentication": false, "Enrollment Agent": false, "Any Purpose": false, "Enrollee Supplies Subject": false, "Certificate Name Flag": ["SubjectAltRequireUpn", "SubjectRequireDirectoryPath"], "Enrollment Flag": ["AutoEnrollment"], "Extended Key Usage": ["Microsoft Trust List Signing"], "Requires Manager Approval": false, "Requires Key Archival": false, "Authorized Signatures Required": 0, "Validity Period": "1 year", "Renewal Period": "6 weeks", "Minimum RSA Key Length": 2048, "domain": "CODER.HTB"}, "ObjectIdentifier": "3a7a70d5-8dae-440f-8c46-a79d85adf69c", "Aces": [{"PrincipalSID": "S-1-5-21-2608251805-3526430372-1546376444-519", "PrincipalType": "Group", "RightName": "Owns", "IsInherited": false}, {"PrincipalSID": "S-1-5-21-2608251805-3526430372-1546376444-512", "PrincipalType": "Group", "RightName": "WriteOwner", "IsInherited": false}, {"PrincipalSID": "S-1-5-21-2608251805-3526430372-1546376444-512", "PrincipalType": "Group", "RightName": "WriteDacl", "IsInherited": false}, {"PrincipalSID": "S-1-5-21-2608251805-3526430372-1546376444-512", "PrincipalType": "Group", "RightName": "WriteProperty", "IsInherited": false}, {"PrincipalSID": "S-1-5-21-2608251805-3526430372-1546376444-512", "PrincipalType": "Group", "RightName": "Enroll", "IsInherited": false}, {"PrincipalSID": "S-1-5-21-2608251805-3526430372-1546376444-519", "PrincipalType": "Group", "RightName": "WriteOwner", "IsInherited": false}, {"PrincipalSID": "S-1-5-21-2608251805-3526430372-1546376444-519", "PrincipalType": "Group", "RightName": "WriteDacl", "IsInherited": false}, {"PrincipalSID": "S-1-5-21-2608251805-3526430372-1546376444-519", "PrincipalType": "Group", "RightName": "WriteProperty", "IsInherited": false}, {"PrincipalSID": "S-1-5-21-2608251805-3526430372-1546376444-519", "PrincipalType": "Group", "RightName": "Enroll", "IsInherited": false}], "cas_ids": null}, {"Properties": {"name": "CODESIGNING@CODER.HTB", "highvalue": false, "Template Name": "CodeSigning", "Display Name": "Code Signing", "Enabled": false, "Client Authentication": false, "Enrollment Agent": false, "Any Purpose": false, "Enrollee Supplies Subject": false, "Certificate Name Flag": ["SubjectAltRequireUpn", "SubjectRequireDirectoryPath"], "Enrollment Flag": ["AutoEnrollment"], "Extended Key Usage": ["Code Signing"], "Requires Manager Approval": false, "Requires Key Archival": false, "Authorized Signatures Required": 0, "Validity Period": "1 year", "Renewal Period": "6 weeks", "Minimum RSA Key Length": 2048, "domain": "CODER.HTB"}, "ObjectIdentifier": "4881b031-a316-485b-909f-099dc0fc2b00", "Aces": [{"PrincipalSID": "S-1-5-21-2608251805-3526430372-1546376444-519", "PrincipalType": "Group", "RightName": "Owns", "IsInherited": false}, {"PrincipalSID": "S-1-5-21-2608251805-3526430372-1546376444-512", "PrincipalType": "Group", "RightName": "WriteOwner", "IsInherited": false}, {"PrincipalSID": "S-1-5-21-2608251805-3526430372-1546376444-512", "PrincipalType": "Group", "RightName": "WriteDacl", "IsInherited": false}, {"PrincipalSID": "S-1-5-21-2608251805-3526430372-1546376444-512", "PrincipalType": "Group", "RightName": "WriteProperty", "IsInherited": false}, {"PrincipalSID": "S-1-5-21-2608251805-3526430372-1546376444-512", "PrincipalType": "Group", "RightName": "Enroll", "IsInherited": false}, {"PrincipalSID": "S-1-5-21-2608251805-3526430372-1546376444-519", "PrincipalType": "Group", "RightName": "WriteOwner", "IsInherited": false}, {"PrincipalSID": "S-1-5-21-2608251805-3526430372-1546376444-519", "PrincipalType": "Group", "RightName": "WriteDacl", "IsInherited": false}, {"PrincipalSID": "S-1-5-21-2608251805-3526430372-1546376444-519", "PrincipalType": "Group", "RightName": "WriteProperty", "IsInherited": false}, {"PrincipalSID": "S-1-5-21-2608251805-3526430372-1546376444-519", "PrincipalType": "Group", "RightName": "Enroll", "IsInherited": false}], "cas_ids": null}, {"Properties": {"name": "EFSRECOVERY@CODER.HTB", "highvalue": false, "Template Name": "EFSRecovery", "Display Name": "EFS Recovery Agent", "Certificate Authorities": ["coder-DC01-CA"], "Enabled": true, "Client Authentication": false, "Enrollment Agent": false, "Any Purpose": false, "Enrollee Supplies Subject": false, "Certificate Name Flag": ["SubjectAltRequireUpn", "SubjectRequireDirectoryPath"], "Enrollment Flag": ["IncludeSymmetricAlgorithms", "AutoEnrollment"], "Private Key Flag": ["ExportableKey"], "Extended Key Usage": ["File Recovery"], "Requires Manager Approval": false, "Requires Key Archival": false, "Authorized Signatures Required": 0, "Validity Period": "5 years", "Renewal Period": "6 weeks", "Minimum RSA Key Length": 2048, "domain": "CODER.HTB"}, "ObjectIdentifier": "adf0266f-ed6c-4d76-bc40-610e3b4c035e", "Aces": [{"PrincipalSID": "S-1-5-21-2608251805-3526430372-1546376444-519", "PrincipalType": "Group", "RightName": "Owns", "IsInherited": false}, {"PrincipalSID": "S-1-5-21-2608251805-3526430372-1546376444-512", "PrincipalType": "Group", "RightName": "WriteOwner", "IsInherited": false}, {"PrincipalSID": "S-1-5-21-2608251805-3526430372-1546376444-512", "PrincipalType": "Group", "RightName": "WriteDacl", "IsInherited": false}, {"PrincipalSID": "S-1-5-21-2608251805-3526430372-1546376444-512", "PrincipalType": "Group", "RightName": "WriteProperty", "IsInherited": false}, {"PrincipalSID": "S-1-5-21-2608251805-3526430372-1546376444-512", "PrincipalType": "Group", "RightName": "Enroll", "IsInherited": false}, {"PrincipalSID": "S-1-5-21-2608251805-3526430372-1546376444-519", "PrincipalType": "Group", "RightName": "WriteOwner", "IsInherited": false}, {"PrincipalSID": "S-1-5-21-2608251805-3526430372-1546376444-519", "PrincipalType": "Group", "RightName": "WriteDacl", "IsInherited": false}, {"PrincipalSID": "S-1-5-21-2608251805-3526430372-1546376444-519", "PrincipalType": "Group", "RightName": "WriteProperty", "IsInherited": false}, {"PrincipalSID": "S-1-5-21-2608251805-3526430372-1546376444-519", "PrincipalType": "Group", "RightName": "Enroll", "IsInherited": false}], "cas_ids": ["6155cecc-e2bc-43d1-a046-118c4591a132"]}, {"Properties": {"name": "ADMINISTRATOR@CODER.HTB", "highvalue": false, "Template Name": "Administrator", "Display Name": "Administrator", "Certificate Authorities": ["coder-DC01-CA"], "Enabled": true, "Client Authentication": true, "Enrollment Agent": false, "Any Purpose": false, "Enrollee Supplies Subject": false, "Certificate Name Flag": ["SubjectAltRequireUpn", "SubjectAltRequireEmail", "SubjectRequireEmail", "SubjectRequireDirectoryPath"], "Enrollment Flag": ["IncludeSymmetricAlgorithms", "PublishToDs", "AutoEnrollment"], "Private Key Flag": ["ExportableKey"], "Extended Key Usage": ["Microsoft Trust List Signing", "Encrypting File System", "Secure Email", "Client Authentication"], "Requires Manager Approval": false, "Requires Key Archival": false, "Authorized Signatures Required": 0, "Validity Period": "1 year", "Renewal Period": "6 weeks", "Minimum RSA Key Length": 2048, "domain": "CODER.HTB"}, "ObjectIdentifier": "81a6ce0e-61fb-4327-8ce8-6befa68a9d48", "Aces": [{"PrincipalSID": "S-1-5-21-2608251805-3526430372-1546376444-519", "PrincipalType": "Group", "RightName": "Owns", "IsInherited": false}, {"PrincipalSID": "S-1-5-21-2608251805-3526430372-1546376444-512", "PrincipalType": "Group", "RightName": "WriteOwner", "IsInherited": false}, {"PrincipalSID": "S-1-5-21-2608251805-3526430372-1546376444-512", "PrincipalType": "Group", "RightName": "WriteDacl", "IsInherited": false}, {"PrincipalSID": "S-1-5-21-2608251805-3526430372-1546376444-512", "PrincipalType": "Group", "RightName": "WriteProperty", "IsInherited": false}, {"PrincipalSID": "S-1-5-21-2608251805-3526430372-1546376444-512", "PrincipalType": "Group", "RightName": "Enroll", "IsInherited": false}, {"PrincipalSID": "S-1-5-21-2608251805-3526430372-1546376444-519", "PrincipalType": "Group", "RightName": "WriteOwner", "IsInherited": false}, {"PrincipalSID": "S-1-5-21-2608251805-3526430372-1546376444-519", "PrincipalType": "Group", "RightName": "WriteDacl", "IsInherited": false}, {"PrincipalSID": "S-1-5-21-2608251805-3526430372-1546376444-519", "PrincipalType": "Group", "RightName": "WriteProperty", "IsInherited": false}, {"PrincipalSID": "S-1-5-21-2608251805-3526430372-1546376444-519", "PrincipalType": "Group", "RightName": "Enroll", "IsInherited": false}], "cas_ids": ["6155cecc-e2bc-43d1-a046-118c4591a132"]}, {"Properties": {"name": "EFS@CODER.HTB", "highvalue": false, "Template Name": "EFS", "Display Name": "Basic EFS", "Certificate Authorities": ["coder-DC01-CA"], "Enabled": true, "Client Authentication": false, "Enrollment Agent": false, "Any Purpose": false, "Enrollee Supplies Subject": false, "Certificate Name Flag": ["SubjectAltRequireUpn", "SubjectRequireDirectoryPath"], "Enrollment Flag": ["IncludeSymmetricAlgorithms", "PublishToDs", "AutoEnrollment"], "Private Key Flag": ["ExportableKey"], "Extended Key Usage": ["Encrypting File System"], "Requires Manager Approval": false, "Requires Key Archival": false, "Authorized Signatures Required": 0, "Validity Period": "1 year", "Renewal Period": "6 weeks", "Minimum RSA Key Length": 2048, "domain": "CODER.HTB"}, "ObjectIdentifier": "d5031ada-cca5-4747-bd32-aa701147ec71", "Aces": [{"PrincipalSID": "S-1-5-21-2608251805-3526430372-1546376444-519", "PrincipalType": "Group", "RightName": "Owns", "IsInherited": false}, {"PrincipalSID": "S-1-5-21-2608251805-3526430372-1546376444-512", "PrincipalType": "Group", "RightName": "WriteOwner", "IsInherited": false}, {"PrincipalSID": "S-1-5-21-2608251805-3526430372-1546376444-512", "PrincipalType": "Group", "RightName": "WriteDacl", "IsInherited": false}, {"PrincipalSID": "S-1-5-21-2608251805-3526430372-1546376444-512", "PrincipalType": "Group", "RightName": "WriteProperty", "IsInherited": false}, {"PrincipalSID": "S-1-5-21-2608251805-3526430372-1546376444-512", "PrincipalType": "Group", "RightName": "Enroll", "IsInherited": false}, {"PrincipalSID": "S-1-5-21-2608251805-3526430372-1546376444-513", "PrincipalType": "Group", "RightName": "Enroll", "IsInherited": false}, {"PrincipalSID": "S-1-5-21-2608251805-3526430372-1546376444-519", "PrincipalType": "Group", "RightName": "WriteOwner", "IsInherited": false}, {"PrincipalSID": "S-1-5-21-2608251805-3526430372-1546376444-519", "PrincipalType": "Group", "RightName": "WriteDacl", "IsInherited": false}, {"PrincipalSID": "S-1-5-21-2608251805-3526430372-1546376444-519", "PrincipalType": "Group", "RightName": "WriteProperty", "IsInherited": false}, {"PrincipalSID": "S-1-5-21-2608251805-3526430372-1546376444-519", "PrincipalType": "Group", "RightName": "Enroll", "IsInherited": false}], "cas_ids": ["6155cecc-e2bc-43d1-a046-118c4591a132"]}, {"Properties": {"name": "SMARTCARDLOGON@CODER.HTB", "highvalue": false, "Template Name": "SmartcardLogon", "Display Name": "Smartcard Logon", "Enabled": false, "Client Authentication": true, "Enrollment Agent": false, "Any Purpose": false, "Enrollee Supplies Subject": false, "Certificate Name Flag": ["SubjectAltRequireUpn", "SubjectRequireDirectoryPath"], "Extended Key Usage": ["Client Authentication", "Smart Card Logon"], "Requires Manager Approval": false, "Requires Key Archival": false, "Authorized Signatures Required": 0, "Validity Period": "1 year", "Renewal Period": "6 weeks", "Minimum RSA Key Length": 2048, "domain": "CODER.HTB"}, "ObjectIdentifier": "a4a1c272-4c5e-4c1c-8021-3c807b6b33e4", "Aces": [{"PrincipalSID": "S-1-5-21-2608251805-3526430372-1546376444-519", "PrincipalType": "Group", "RightName": "Owns", "IsInherited": false}, {"PrincipalSID": "S-1-5-21-2608251805-3526430372-1546376444-512", "PrincipalType": "Group", "RightName": "WriteOwner", "IsInherited": false}, {"PrincipalSID": "S-1-5-21-2608251805-3526430372-1546376444-512", "PrincipalType": "Group", "RightName": "WriteDacl", "IsInherited": false}, {"PrincipalSID": "S-1-5-21-2608251805-3526430372-1546376444-512", "PrincipalType": "Group", "RightName": "WriteProperty", "IsInherited": false}, {"PrincipalSID": "S-1-5-21-2608251805-3526430372-1546376444-512", "PrincipalType": "Group", "RightName": "Enroll", "IsInherited": false}, {"PrincipalSID": "S-1-5-21-2608251805-3526430372-1546376444-519", "PrincipalType": "Group", "RightName": "WriteOwner", "IsInherited": false}, {"PrincipalSID": "S-1-5-21-2608251805-3526430372-1546376444-519", "PrincipalType": "Group", "RightName": "WriteDacl", "IsInherited": false}, {"PrincipalSID": "S-1-5-21-2608251805-3526430372-1546376444-519", "PrincipalType": "Group", "RightName": "WriteProperty", "IsInherited": false}, {"PrincipalSID": "S-1-5-21-2608251805-3526430372-1546376444-519", "PrincipalType": "Group", "RightName": "Enroll", "IsInherited": false}], "cas_ids": null}, {"Properties": {"name": "CLIENTAUTH@CODER.HTB", "highvalue": false, "Template Name": "ClientAuth", "Display Name": "Authenticated Session", "Enabled": false, "Client Authentication": true, "Enrollment Agent": false, "Any Purpose": false, "Enrollee Supplies Subject": false, "Certificate Name Flag": ["SubjectAltRequireUpn", "SubjectRequireDirectoryPath"], "Enrollment Flag": ["AutoEnrollment"], "Extended Key Usage": ["Client Authentication"], "Requires Manager Approval": false, "Requires Key Archival": false, "Authorized Signatures Required": 0, "Validity Period": "1 year", "Renewal Period": "6 weeks", "Minimum RSA Key Length": 2048, "domain": "CODER.HTB"}, "ObjectIdentifier": "d1263347-91d8-4b98-8031-22ffb6ca0400", "Aces": [{"PrincipalSID": "S-1-5-21-2608251805-3526430372-1546376444-519", "PrincipalType": "Group", "RightName": "Owns", "IsInherited": false}, {"PrincipalSID": "S-1-5-21-2608251805-3526430372-1546376444-512", "PrincipalType": "Group", "RightName": "WriteOwner", "IsInherited": false}, {"PrincipalSID": "S-1-5-21-2608251805-3526430372-1546376444-512", "PrincipalType": "Group", "RightName": "WriteDacl", "IsInherited": false}, {"PrincipalSID": "S-1-5-21-2608251805-3526430372-1546376444-512", "PrincipalType": "Group", "RightName": "WriteProperty", "IsInherited": false}, {"PrincipalSID": "S-1-5-21-2608251805-3526430372-1546376444-512", "PrincipalType": "Group", "RightName": "Enroll", "IsInherited": false}, {"PrincipalSID": "S-1-5-21-2608251805-3526430372-1546376444-513", "PrincipalType": "Group", "RightName": "Enroll", "IsInherited": false}, {"PrincipalSID": "S-1-5-21-2608251805-3526430372-1546376444-519", "PrincipalType": "Group", "RightName": "WriteOwner", "IsInherited": false}, {"PrincipalSID": "S-1-5-21-2608251805-3526430372-1546376444-519", "PrincipalType": "Group", "RightName": "WriteDacl", "IsInherited": false}, {"PrincipalSID": "S-1-5-21-2608251805-3526430372-1546376444-519", "PrincipalType": "Group", "RightName": "WriteProperty", "IsInherited": false}, {"PrincipalSID": "S-1-5-21-2608251805-3526430372-1546376444-519", "PrincipalType": "Group", "RightName": "Enroll", "IsInherited": false}], "cas_ids": null}, {"Properties": {"name": "SMARTCARDUSER@CODER.HTB", "highvalue": false, "Template Name": "SmartcardUser", "Display Name": "Smartcard User", "Enabled": false, "Client Authentication": true, "Enrollment Agent": false, "Any Purpose": false, "Enrollee Supplies Subject": false, "Certificate Name Flag": ["SubjectAltRequireUpn", "SubjectAltRequireEmail", "SubjectRequireEmail", "SubjectRequireDirectoryPath"], "Enrollment Flag": ["IncludeSymmetricAlgorithms", "PublishToDs"], "Extended Key Usage": ["Secure Email", "Client Authentication", "Smart Card Logon"], "Requires Manager Approval": false, "Requires Key Archival": false, "Authorized Signatures Required": 0, "Validity Period": "1 year", "Renewal Period": "6 weeks", "Minimum RSA Key Length": 2048, "domain": "CODER.HTB"}, "ObjectIdentifier": "86bd1922-04bf-4ba7-b7cb-f7be46794fbd", "Aces": [{"PrincipalSID": "S-1-5-21-2608251805-3526430372-1546376444-519", "PrincipalType": "Group", "RightName": "Owns", "IsInherited": false}, {"PrincipalSID": "S-1-5-21-2608251805-3526430372-1546376444-512", "PrincipalType": "Group", "RightName": "WriteOwner", "IsInherited": false}, {"PrincipalSID": "S-1-5-21-2608251805-3526430372-1546376444-512", "PrincipalType": "Group", "RightName": "WriteDacl", "IsInherited": false}, {"PrincipalSID": "S-1-5-21-2608251805-3526430372-1546376444-512", "PrincipalType": "Group", "RightName": "WriteProperty", "IsInherited": false}, {"PrincipalSID": "S-1-5-21-2608251805-3526430372-1546376444-512", "PrincipalType": "Group", "RightName": "Enroll", "IsInherited": false}, {"PrincipalSID": "S-1-5-21-2608251805-3526430372-1546376444-519", "PrincipalType": "Group", "RightName": "WriteOwner", "IsInherited": false}, {"PrincipalSID": "S-1-5-21-2608251805-3526430372-1546376444-519", "PrincipalType": "Group", "RightName": "WriteDacl", "IsInherited": false}, {"PrincipalSID": "S-1-5-21-2608251805-3526430372-1546376444-519", "PrincipalType": "Group", "RightName": "WriteProperty", "IsInherited": false}, {"PrincipalSID": "S-1-5-21-2608251805-3526430372-1546376444-519", "PrincipalType": "Group", "RightName": "Enroll", "IsInherited": false}], "cas_ids": null}, {"Properties": {"name": "USERSIGNATURE@CODER.HTB", "highvalue": false, "Template Name": "UserSignature", "Display Name": "User Signature Only", "Enabled": false, "Client Authentication": true, "Enrollment Agent": false, "Any Purpose": false, "Enrollee Supplies Subject": false, "Certificate Name Flag": ["SubjectAltRequireUpn", "SubjectAltRequireEmail", "SubjectRequireEmail", "SubjectRequireDirectoryPath"], "Enrollment Flag": ["AutoEnrollment"], "Extended Key Usage": ["Secure Email", "Client Authentication"], "Requires Manager Approval": false, "Requires Key Archival": false, "Authorized Signatures Required": 0, "Validity Period": "1 year", "Renewal Period": "6 weeks", "Minimum RSA Key Length": 2048, "domain": "CODER.HTB"}, "ObjectIdentifier": "0cf0a05d-de9c-45e7-baf7-047093d7e432", "Aces": [{"PrincipalSID": "S-1-5-21-2608251805-3526430372-1546376444-519", "PrincipalType": "Group", "RightName": "Owns", "IsInherited": false}, {"PrincipalSID": "S-1-5-21-2608251805-3526430372-1546376444-512", "PrincipalType": "Group", "RightName": "WriteOwner", "IsInherited": false}, {"PrincipalSID": "S-1-5-21-2608251805-3526430372-1546376444-512", "PrincipalType": "Group", "RightName": "WriteDacl", "IsInherited": false}, {"PrincipalSID": "S-1-5-21-2608251805-3526430372-1546376444-512", "PrincipalType": "Group", "RightName": "WriteProperty", "IsInherited": false}, {"PrincipalSID": "S-1-5-21-2608251805-3526430372-1546376444-512", "PrincipalType": "Group", "RightName": "Enroll", "IsInherited": false}, {"PrincipalSID": "S-1-5-21-2608251805-3526430372-1546376444-513", "PrincipalType": "Group", "RightName": "Enroll", "IsInherited": false}, {"PrincipalSID": "S-1-5-21-2608251805-3526430372-1546376444-519", "PrincipalType": "Group", "RightName": "WriteOwner", "IsInherited": false}, {"PrincipalSID": "S-1-5-21-2608251805-3526430372-1546376444-519", "PrincipalType": "Group", "RightName": "WriteDacl", "IsInherited": false}, {"PrincipalSID": "S-1-5-21-2608251805-3526430372-1546376444-519", "PrincipalType": "Group", "RightName": "WriteProperty", "IsInherited": false}, {"PrincipalSID": "S-1-5-21-2608251805-3526430372-1546376444-519", "PrincipalType": "Group", "RightName": "Enroll", "IsInherited": false}], "cas_ids": null}, {"Properties": {"name": "USER@CODER.HTB", "highvalue": false, "Template Name": "User", "Display Name": "User", "Certificate Authorities": ["coder-DC01-CA"], "Enabled": true, "Client Authentication": true, "Enrollment Agent": false, "Any Purpose": false, "Enrollee Supplies Subject": false, "Certificate Name Flag": ["SubjectAltRequireUpn", "SubjectAltRequireEmail", "SubjectRequireEmail", "SubjectRequireDirectoryPath"], "Enrollment Flag": ["IncludeSymmetricAlgorithms", "PublishToDs", "AutoEnrollment"], "Private Key Flag": ["ExportableKey"], "Extended Key Usage": ["Encrypting File System", "Secure Email", "Client Authentication"], "Requires Manager Approval": false, "Requires Key Archival": false, "Authorized Signatures Required": 0, "Validity Period": "1 year", "Renewal Period": "6 weeks", "Minimum RSA Key Length": 2048, "domain": "CODER.HTB"}, "ObjectIdentifier": "e31399f4-2962-4e2c-ba21-e626c89b3789", "Aces": [{"PrincipalSID": "S-1-5-21-2608251805-3526430372-1546376444-519", "PrincipalType": "Group", "RightName": "Owns", "IsInherited": false}, {"PrincipalSID": "S-1-5-21-2608251805-3526430372-1546376444-512", "PrincipalType": "Group", "RightName": "WriteOwner", "IsInherited": false}, {"PrincipalSID": "S-1-5-21-2608251805-3526430372-1546376444-512", "PrincipalType": "Group", "RightName": "WriteDacl", "IsInherited": false}, {"PrincipalSID": "S-1-5-21-2608251805-3526430372-1546376444-512", "PrincipalType": "Group", "RightName": "WriteProperty", "IsInherited": false}, {"PrincipalSID": "S-1-5-21-2608251805-3526430372-1546376444-512", "PrincipalType": "Group", "RightName": "Enroll", "IsInherited": false}, {"PrincipalSID": "S-1-5-21-2608251805-3526430372-1546376444-513", "PrincipalType": "Group", "RightName": "Enroll", "IsInherited": false}, {"PrincipalSID": "S-1-5-21-2608251805-3526430372-1546376444-519", "PrincipalType": "Group", "RightName": "WriteOwner", "IsInherited": false}, {"PrincipalSID": "S-1-5-21-2608251805-3526430372-1546376444-519", "PrincipalType": "Group", "RightName": "WriteDacl", "IsInherited": false}, {"PrincipalSID": "S-1-5-21-2608251805-3526430372-1546376444-519", "PrincipalType": "Group", "RightName": "WriteProperty", "IsInherited": false}, {"PrincipalSID": "S-1-5-21-2608251805-3526430372-1546376444-519", "PrincipalType": "Group", "RightName": "Enroll", "IsInherited": false}], "cas_ids": ["6155cecc-e2bc-43d1-a046-118c4591a132"]}], "meta": {"count": 34, "type": "templates", "version": 4}}